,a,b,jTarget,ox1T5.0,ox2T5.0,oy1T5.0,oy2T5.0,oz1T5.0,oz2T5.0,ox1T10.0,ox2T10.0,oy1T10.0,oy2T10.0,oz1T10.0,oz2T10.0,ox1T15.0,ox2T15.0,oy1T15.0,oy2T15.0,oz1T15.0,oz2T15.0,ox1T20.0,ox2T20.0,oy1T20.0,oy2T20.0,oz1T20.0,oz2T20.0,ox1T25.0,ox2T25.0,oy1T25.0,oy2T25.0,oz1T25.0,oz2T25.0
0,1.0,1.0,0.0,0.49751568,0.49751568,0.70709807,0.70709807,0.5024843,0.5024843,2.4687602e-05,2.4687602e-05,-0.0070266626,-0.0070266626,0.9999753,0.9999753,0.5074527,0.5074527,-0.7070282,-0.7070282,0.49254724,0.49254724,0.99990124,0.99990124,0.014052631,0.014052631,9.874797e-05,9.874797e-05,0.48757958,0.48757958,0.70688856,0.70688856,0.5124204,0.5124204
1,1.0,1.0,0.1,0.38821235,0.38821235,0.6884001,0.6884001,0.5884976,0.5884976,0.02601841,0.02601841,-0.27093014,-0.27093014,0.92767227,0.92767227,0.7814657,0.7814657,-0.50410277,-0.50410277,0.22856615,0.22856615,0.7399213,0.7399213,0.46310735,0.46310735,0.24684146,0.24684146,0.10616374,0.10616374,0.18847881,0.18847881,0.84603184,0.84603184
2,1.0,1.0,0.2,0.2590739,0.2590739,0.6135232,0.6135232,0.67467827,0.67467827,0.20276459,0.20276459,-0.49495584,-0.49495584,0.72592807,0.72592807,0.92452824,0.92452824,0.018306164,0.018306164,0.10937515,0.10937515,0.18003719,0.18003719,0.43603325,0.43603325,0.7399759,0.7399759,0.3230897,0.3230897,-0.61406183,-0.61406183,0.6120735,0.6120735
3,1.0,1.0,0.3,0.1284993,0.1284993,0.48541903,0.48541903,0.7481403,0.7481403,0.48664457,0.48664457,-0.5760352,-0.5760352,0.45115775,0.45115775,0.7527911,0.7527911,0.5314828,0.5314828,0.25306708,0.25306708,-0.07363778,-0.07363778,-0.16210069,-0.16210069,0.92787254,0.92787254,0.9066363,0.9066363,-0.3939071,-0.3939071,0.10545899,0.10545899
4,1.0,1.0,0.4,0.01706388,0.01706388,0.31501174,0.31501174,0.79672647,0.79672647,0.77989715,0.77989715,-0.45825866,-0.45825866,0.19287767,0.19287767,0.3302676,0.3302676,0.6632038,0.6632038,0.56833273,0.56833273,0.32090074,0.32090074,-0.6397395,-0.6397395,0.57586443,0.57586443,0.7693772,0.7693772,0.4752074,0.4752074,0.21319737,0.21319737
5,1.0,1.0,0.5,-0.057531863,-0.057531863,0.119012415,0.119012415,0.81209904,0.81209904,0.96942294,0.96942294,-0.17207332,-0.17207332,0.03474561,0.03474561,-0.033466812,-0.033466812,0.3122705,0.3122705,0.8040803,0.8040803,0.89278024,0.89278024,-0.36377382,-0.36377382,0.10893996,0.10893996,0.04839373,0.04839373,0.4307416,0.4307416,0.7426033,0.7426033
6,1.0,1.0,0.6,-0.084115714,-0.084115714,-0.083708085,-0.083708085,0.79141575,0.79141575,0.979355,0.979355,0.1759137,0.1759137,0.01725673,0.01725673,-0.04694194,-0.04694194,-0.2508141,-0.2508141,0.76573914,0.76573914,0.9174793,0.9174793,0.33532214,0.33532214,0.06519833,0.06519833,0.032416165,0.032416165,-0.40634015,-0.40634015,0.7091138,0.7091138
7,1.0,1.0,0.7,-0.059200585,-0.059200585,-0.2757435,-0.2757435,0.73707515,0.73707515,0.80557936,0.80557936,0.4535468,0.4535468,0.12334875,0.12334875,0.30077428,0.30077428,-0.61128205,-0.61128205,0.4764575,0.4764575,0.38371447,0.38371447,0.5997912,0.5997912,0.40893692,0.40893692,0.73799664,0.73799664,-0.51921076,-0.51921076,0.15796942,0.15796942
8,1.0,1.0,0.8,0.013992293,0.013992293,-0.44328234,-0.44328234,0.65492404,0.65492404,0.5153029,0.5153029,0.56109273,0.56109273,0.29140612,0.29140612,0.73676074,0.73676074,-0.5454506,-0.5454506,0.13393998,0.13393998,-0.039583266,-0.039583266,0.18248102,0.18248102,0.6547513,0.6547513,0.9533027,0.9533027,0.21973954,0.21973954,-0.029927572,-0.029927572
9,1.0,1.0,0.9,0.12707187,0.12707187,-0.57605225,-0.57605225,0.551981,0.551981,0.2178821,0.2178821,0.47073537,0.47073537,0.4437664,0.4437664,0.9500809,0.9500809,-0.16433066,-0.16433066,-0.067125164,-0.067125164,0.065505795,0.065505795,-0.3460162,-0.3460162,0.5254166,0.5254166,0.42351732,0.42351732,0.6398529,0.6398529,0.31362346,0.31362346
10,1.0,1.0,1.0,0.2668766,0.2668766,-0.6657318,-0.6657318,0.43483907,0.43483907,0.01884821,0.01884821,0.24149165,0.24149165,0.51737654,0.51737654,0.85979855,0.85979855,0.24363336,0.24363336,-0.07163996,-0.07163996,0.46443817,0.46443817,-0.4702284,-0.4702284,0.20622723,0.20622723,-0.098490365,-0.098490365,0.27257204,0.27257204,0.6420626,0.6420626
11,1.0,1.0,1.1,0.4143381,0.4143381,-0.7046599,-0.7046599,0.3094473,0.3094473,-0.035811976,-0.035811976,0.002464533,0.002464533,0.49121317,0.49121317,0.6270333,0.6270333,0.51698786,0.51698786,0.05669699,0.05669699,0.8493023,0.8493023,-0.20962243,-0.20962243,-0.0055847904,-0.0055847904,0.05240347,0.05240347,-0.48287082,-0.48287082,0.55352664,0.55352664
12,1.0,1.0,1.2,0.5436717,0.5436717,-0.6868436,-0.6868436,0.18215849,0.18215849,0.0019392836,0.0019392836,-0.11815915,-0.11815915,0.40278232,0.40278232,0.3568088,0.3568088,0.67272747,0.67272747,0.2669311,0.2669311,0.964723,0.964723,0.24783409,0.24783409,0.017288301,0.017288301,0.72327536,0.72327536,-0.6142958,-0.6142958,0.10100661,0.10100661
13,1.0,1.0,1.3,0.62551314,0.62551314,-0.6119172,-0.6119172,0.06113592,0.06113592,0.025125787,0.025125787,-0.10846139,-0.10846139,0.33069098,0.33069098,0.004196606,0.004196606,0.56080824,0.56080824,0.5240229,0.5240229,0.51033026,0.51033026,0.41602165,0.41602165,0.1780365,0.1780365,0.7630906,0.7630906,-0.058471877,-0.058471877,-0.17429714,-0.17429714
14,1.0,1.0,1.4,0.63688713,0.63688713,-0.49020573,-0.49020573,-0.043158863,-0.043158863,0.012376457,0.012376457,-0.12000759,-0.12000759,0.32791921,0.32791921,-0.20989498,-0.20989498,-0.029178195,-0.029178195,0.62882614,0.62882614,0.15503791,0.15503791,0.23193327,0.23193327,0.18072733,0.18072733,0.79033065,0.79033065,0.49027535,0.49027535,-0.028771257,-0.028771257
15,1.0,1.0,1.5,0.5764715,0.5764715,-0.34491125,-0.34491125,-0.119352765,-0.119352765,0.10390547,0.10390547,-0.31237847,-0.31237847,0.35196936,0.35196936,-0.006621254,-0.006621254,-0.5356892,-0.5356892,0.38738778,0.38738778,0.07282226,0.07282226,0.5167113,0.5167113,0.29058358,0.29058358,0.22525014,0.22525014,0.46176383,0.46176383,0.3478981,0.3478981
16,1.0,1.0,1.6,0.47694847,0.47694847,-0.20769067,-0.20769067,-0.15841877,-0.15841877,0.40164378,0.40164378,-0.6003694,-0.6003694,0.29018196,0.29018196,0.12530763,0.12530763,-0.2674566,-0.2674566,0.12114554,0.12114554,-0.22551946,-0.22551946,0.007207812,0.007207812,0.59945995,0.59945995,0.048909653,0.048909653,0.10473429,0.10473429,0.16256532,0.16256532
17,1.0,1.0,1.7,0.40208995,0.40208995,-0.10750144,-0.10750144,-0.15764856,-0.15764856,0.6805959,0.6805959,-0.6782755,-0.6782755,0.09702733,0.09702733,0.009823264,0.009823264,-0.08188421,-0.08188421,0.21812798,0.21812798,0.124961704,0.124961704,-0.6254826,-0.6254826,0.2260704,0.2260704,-0.2004099,-0.2004099,0.28897807,0.28897807,0.52203697,0.52203697
18,1.0,1.0,1.8,0.42046767,0.42046767,-0.057920653,-0.057920653,-0.12347789,-0.12347789,0.58700013,0.58700013,-0.42234454,-0.42234454,-0.11397686,-0.11397686,0.43020216,0.43020216,-0.58972883,-0.58972883,0.25794134,0.25794134,-0.01823657,-0.01823657,0.0066676624,0.0066676624,0.12919904,0.12919904,0.14428438,0.14428438,-0.6277651,-0.6277651,0.178741,0.178741
19,1.0,1.0,1.9,0.56213254,0.56213254,-0.051175766,-0.051175766,-0.07147918,-0.07147918,0.2756322,0.2756322,-0.11451739,-0.11451739,-0.17942601,-0.17942601,0.63754445,0.63754445,-0.5384308,-0.5384308,-0.05885522,-0.05885522,0.46803325,0.46803325,-0.64375687,-0.64375687,0.2412845,0.2412845,-0.04246296,-0.04246296,-0.06360258,-0.06360258,0.2474195,0.2474195
20,1.0,1.0,2.0,0.7824337,0.7824337,-0.06424439,-0.06424439,-0.022837857,-0.022837857,0.364685,0.364685,-0.051326856,-0.051326856,-0.086073875,-0.086073875,0.17673588,0.17673588,-0.06275515,-0.06275515,-0.15593342,-0.15593342,0.3482539,0.3482539,-0.26270056,-0.26270056,-0.15874319,-0.15874319,0.5803866,0.5803866,-0.5983236,-0.5983236,-0.03431757,-0.03431757
21,1.0,1.0,2.1,0.9641645,0.9641645,-0.07409748,-0.07409748,0.0020179753,0.0020179753,0.86217916,0.86217916,-0.13327502,-0.13327502,0.0073105907,0.0073105907,0.70961064,0.70961064,-0.16606438,-0.16606438,0.013792931,0.013792931,0.52926815,0.52926815,-0.16717517,-0.16717517,0.018610366,0.018610366,0.34712338,0.34712338,-0.13891482,-0.13891482,0.018926578,0.018926578
22,1.0,1.0,2.2,0.9733162,0.9733162,-0.07127925,-0.07127925,-0.009223545,-0.009223545,0.89643145,0.89643145,-0.13145334,-0.13145334,-0.035279494,-0.035279494,0.7784429,0.7784429,-0.17146033,-0.17146033,-0.07358214,-0.07358214,0.6332229,0.6332229,-0.18597965,-0.18597965,-0.11730957,-0.11730957,0.477663,0.477663,-0.17449506,-0.17449506,-0.15850025,-0.15850025
23,1.0,1.0,2.3,0.74750036,0.74750036,-0.060903225,-0.060903225,-0.05501324,-0.05501324,0.2617241,0.2617241,-0.057844162,-0.057844162,-0.16221929,-0.16221929,0.06538799,0.06538799,0.010074109,0.010074109,-0.20888153,-0.20888153,0.36963218,0.36963218,0.07931175,0.07931175,-0.14583543,-0.14583543,0.8468369,0.8468369,0.08412529,0.08412529,-0.039217368,-0.039217368
24,1.0,1.0,2.4,0.36172155,0.36172155,-0.049988717,-0.049988717,-0.11855549,-0.11855549,0.07848131,0.07848131,0.044292368,0.044292368,-0.19718361,-0.19718361,0.8629162,0.8629162,0.19037472,0.19037472,-0.044189405,-0.044189405,0.69215137,0.69215137,0.094208814,0.094208814,-0.008562739,-0.008562739,-0.0077591524,-0.0077591524,-0.017200846,-0.017200846,-0.17355661,-0.17355661
25,1.0,1.0,2.5,0.013884082,0.013884082,-0.033020765,-0.033020765,-0.1727251,-0.1727251,0.73311275,0.73311275,0.2034945,0.2034945,-0.07591678,-0.07591678,0.42130738,0.42130738,0.068619914,0.068619914,-0.02476596,-0.02476596,0.19487691,0.19487691,0.13017884,0.13017884,-0.18199864,-0.18199864,0.7945877,0.7945877,0.39973226,0.39973226,0.07149083,0.07149083
26,1.0,1.0,2.6,-0.08355809,-0.08355809,0.008211701,0.008211701,-0.19103603,-0.19103603,0.8774094,0.8774094,0.21787225,0.21787225,0.025805645,0.025805645,0.045375176,0.045375176,0.06585883,0.06585883,-0.1844286,-0.1844286,0.56006014,0.56006014,0.31535172,0.31535172,0.09121126,0.09121126,0.22761492,0.22761492,0.21970287,0.21970287,-0.15879141,-0.15879141
27,1.0,1.0,2.7,0.15021856,0.15021856,0.08562238,0.08562238,-0.16100952,-0.16100952,0.0696701,0.0696701,-0.008269605,-0.008269605,-0.061352286,-0.061352286,0.86243266,0.86243266,0.48480853,0.48480853,0.042875424,0.042875424,0.105692185,0.105692185,0.13297045,0.13297045,-0.16273464,-0.16273464,-0.10185854,-0.10185854,-0.017022546,-0.017022546,0.11299928,0.11299928
28,1.0,1.0,2.8,0.5817456,0.5817456,0.18135154,0.18135154,-0.093252935,-0.093252935,-0.096527964,-0.096527964,0.007187972,0.007187972,-0.1744109,-0.1744109,-0.16200918,-0.16200918,-0.07988047,-0.07988047,-0.019433368,-0.019433368,0.31173256,0.31173256,0.36621478,0.36621478,0.17725211,0.17725211,0.5356251,0.5356251,0.7980332,0.7980332,0.11104757,0.11104757
29,1.0,1.0,2.9,0.9216023,0.9216023,0.24489497,0.24489497,-0.01952779,-0.01952779,0.7083835,0.7083835,0.39183,0.39183,-0.06754665,-0.06754665,0.41868696,0.41868696,0.37894738,0.37894738,-0.116778046,-0.116778046,0.12729254,0.12729254,0.20308876,0.20308876,-0.13473584,-0.13473584,-0.09951445,-0.09951445,-0.07949654,-0.07949654,-0.09778091,-0.09778091
30,1.0,1.0,3.0,0.908949,0.908949,0.22371036,0.22371036,0.022160199,0.022160199,0.6626128,0.6626128,0.36309415,0.36309415,0.08197472,0.08197472,0.33270332,0.33270332,0.36118686,0.36118686,0.16147663,0.16147663,0.012576498,0.012576498,0.20662625,0.20662625,0.2368352,0.2368352,-0.21267036,-0.21267036,-0.06323088,-0.06323088,0.2854497,0.2854497
31,1.0,1.0,3.1,0.50547934,0.50547934,0.11056676,0.11056676,0.00926225,0.00926225,-0.24054496,-0.24054496,-0.10912455,-0.10912455,-0.022665098,-0.022665098,-0.23748241,-0.23748241,-0.15016352,-0.15016352,-0.11253059,-0.11253059,0.21940957,0.21940957,0.41221696,0.41221696,-0.093207344,-0.093207344,0.22647579,0.22647579,0.8794566,0.8794566,0.14045642,0.14045642
32,1.0,1.0,3.2,-0.048138566,-0.048138566,-0.031942505,-0.031942505,-0.049549937,-0.049549937,-0.03302,-0.03302,0.049121156,0.049121156,-0.15222561,-0.15222561,0.6116358,0.6116358,0.75983644,0.75983644,0.08913708,0.08913708,-0.2494828,-0.2494828,-0.13942544,-0.13942544,0.2400798,0.2400798,-0.110705696,-0.110705696,-0.2157276,-0.2157276,-0.06553837,-0.06553837
33,1.0,1.0,3.3,-0.37848967,-0.37848967,-0.10085259,-0.10085259,-0.11643956,-0.11643956,0.7691017,0.7691017,0.5856749,0.5856749,0.002397704,0.002397704,-0.36131057,-0.36131057,-0.2778667,-0.2778667,0.08745126,0.08745126,0.27856937,0.27856937,0.7172826,0.7172826,-0.007297449,-0.007297449,-0.2803576,-0.2803576,-0.36796653,-0.36796653,0.31144285,0.31144285
34,1.0,1.0,3.4,-0.24461184,-0.24461184,-0.026619093,-0.026619093,-0.14617965,-0.14617965,0.24240084,0.24240084,0.23755696,0.23755696,0.123377144,0.123377144,0.3377783,0.3377783,0.52349126,0.52349126,-0.074987344,-0.074987344,-0.3641227,-0.3641227,-0.5090661,-0.5090661,0.16249573,0.16249573,-0.03746323,-0.03746323,0.8264086,0.8264086,0.2189151,0.2189151
35,1.0,1.0,3.5,0.26793745,0.26793745,0.16172265,0.16172265,-0.11567619,-0.11567619,-0.44381854,-0.44381854,-0.26210326,-0.26210326,-0.055287987,-0.055287987,-0.029122382,-0.029122382,0.18818872,0.18818872,0.23630229,0.23630229,0.19868754,0.19868754,0.8979044,0.8979044,0.13456368,0.13456368,-0.03660035,-0.03660035,0.006324098,0.006324098,-0.07853259,-0.07853259
36,1.0,1.0,3.6,0.7840294,0.7840294,0.33910933,0.33910933,-0.041428912,-0.041428912,0.2925896,0.2925896,0.31443548,0.31443548,-0.11204324,-0.11204324,-0.13915075,-0.13915075,-0.107432574,-0.107432574,-0.105369955,-0.105369955,-0.27869368,-0.27869368,-0.59953827,-0.59953827,0.026520884,0.026520884,-0.17222759,-0.17222759,-0.7691904,-0.7691904,0.212567,0.212567
37,1.0,1.0,3.7,0.90347314,0.90347314,0.3679322,0.3679322,0.0291778,0.0291778,0.6441177,0.6441177,0.63641304,0.63641304,0.1058961,0.1058961,0.30244127,0.30244127,0.73862225,0.73862225,0.20171404,0.20171404,-0.017693305,-0.017693305,0.6617091,0.6617091,0.28105757,0.28105757,-0.22333013,-0.22333013,0.44961405,0.44961405,0.31422734,0.31422734
38,1.0,1.0,3.8,0.50785,0.50785,0.20773737,0.20773737,0.049410664,0.049410664,-0.2840686,-0.2840686,-0.14321321,-0.14321321,0.09637695,0.09637695,-0.4135711,-0.4135711,-0.52888113,-0.52888113,0.022376118,0.022376118,-0.088433325,-0.088433325,-0.18841456,-0.18841456,-0.07735718,-0.07735718,-0.11479471,-0.11479471,0.51735157,0.51735157,-0.030937323,-0.030937323
39,1.0,1.0,3.9,-0.12918043,-0.12918043,-0.03709297,-0.03709297,0.00666842,0.00666842,-0.2665767,-0.2665767,-0.15641414,-0.15641414,-0.11165639,-0.11165639,0.35571307,0.35571307,0.8605795,0.8605795,0.053623933,0.053623933,-0.21702836,-0.21702836,-0.03315052,-0.03315052,0.32748872,0.32748872,0.031275477,0.031275477,-0.7819803,-0.7819803,0.02720818,0.02720818
40,1.0,1.0,4.0,-0.5326116,-0.5326116,-0.18237731,-0.18237731,-0.06679029,-0.06679029,0.6160694,0.6160694,0.68296057,0.68296057,-0.0047862404,-0.0047862404,-0.37357402,-0.37357402,-0.4191835,-0.4191835,0.18630974,0.18630974,0.00955261,0.00955261,0.5239411,0.5239411,-0.044363864,-0.044363864,-0.13446952,-0.13446952,-0.34726474,-0.34726474,0.3118379,0.3118379
41,1.0,1.0,4.1,-0.38917282,-0.38917282,-0.104310974,-0.104310974,-0.115720145,-0.115720145,0.14561272,0.14561272,0.27992523,0.27992523,0.16750641,0.16750641,0.15627833,0.15627833,0.4701513,0.4701513,-0.06990527,-0.06990527,-0.2341803,-0.2341803,-0.72364503,-0.72364503,0.2095807,0.2095807,-0.32117784,-0.32117784,0.7303623,0.7303623,0.13198599,0.13198599
42,1.0,1.0,4.2,0.19619177,0.19619177,0.15265252,0.15265252,-0.102103986,-0.102103986,-0.5297129,-0.5297129,-0.42375568,-0.42375568,-0.011984018,-0.011984018,-0.14876573,-0.14876573,0.09383124,0.09383124,0.26869744,0.26869744,-0.07592019,-0.07592019,0.88459647,0.88459647,0.12806772,0.12806772,-0.02802093,-0.02802093,-0.075520605,-0.075520605,-0.08885866,-0.08885866
43,1.0,1.0,4.3,0.7644644,0.7644644,0.39501196,0.39501196,-0.0341794,-0.0341794,0.25432092,0.25432092,0.35638267,0.35638267,-0.09187123,-0.09187123,-0.12018152,-0.12018152,-0.14854611,-0.14854611,-0.08749589,-0.08749589,-0.10470309,-0.10470309,-0.7250252,-0.7250252,0.008857317,0.008857317,0.18284589,0.18284589,-0.91869265,-0.91869265,0.12839004,0.12839004
44,1.0,1.0,4.4,0.8552984,0.8552984,0.42525554,0.42525554,0.03863592,0.03863592,0.48977935,0.48977935,0.67160225,0.67160225,0.13387732,0.13387732,0.07542493,0.07542493,0.6472303,0.6472303,0.23478788,0.23478788,-0.19668375,-0.19668375,0.39098457,0.39098457,0.28732216,0.28732216,-0.20888716,-0.20888716,0.05111332,0.05111332,0.26283708,0.26283708
45,1.0,1.0,4.5,0.3780058,0.3780058,0.20431906,0.20431906,0.062632166,0.062632166,-0.4363598,-0.4363598,-0.3307575,-0.3307575,0.103235826,0.103235826,-0.3169838,-0.3169838,-0.6252173,-0.6252173,-0.005105797,-0.005105797,-0.049459673,-0.049459673,0.07394054,0.07394054,-0.080668144,-0.080668144,-0.38194865,-0.38194865,0.65035266,0.65035266,0.017555509,0.017555509
46,1.0,1.0,4.6,-0.30135587,-0.30135587,-0.103535496,-0.103535496,0.021114988,0.021114988,-0.1810804,-0.1810804,-0.1111168,-0.1111168,-0.10075214,-0.10075214,0.18341774,0.18341774,0.92274183,0.92274183,0.124274164,0.124274164,-0.15284115,-0.15284115,-0.5635267,-0.5635267,0.256898,0.256898,0.12588723,0.12588723,-0.4012305,-0.4012305,-0.07497213,-0.07497213
47,1.0,1.0,4.7,-0.64239055,-0.64239055,-0.25203887,-0.25203887,-0.05208769,-0.05208769,0.5743769,0.5743769,0.7965551,0.7965551,0.044434156,0.044434156,-0.3707992,-0.3707992,-0.73212487,-0.73212487,0.118315816,0.118315816,-0.16511454,-0.16511454,0.81637883,0.81637883,0.04259758,0.04259758,0.28560442,0.28560442,-0.8365385,-0.8365385,0.15374371,0.15374371
48,1.0,1.0,4.8,-0.3668424,-0.3668424,-0.11220205,-0.11220205,-0.09846994,-0.09846994,-0.12783542,-0.12783542,0.029217727,0.029217727,0.17014375,0.17014375,0.15659083,0.15659083,0.80094576,0.80094576,0.00483095,0.00483095,-0.009263014,-0.009263014,-0.88803333,-0.88803333,0.056352865,0.056352865,-0.2891715,-0.2891715,0.21986553,0.21986553,0.1996121,0.1996121
49,1.0,1.0,4.9,0.30498788,0.30498788,0.21269985,0.21269985,-0.08065192,-0.08065192,-0.48147616,-0.48147616,-0.46627837,-0.46627837,-0.041673843,-0.041673843,-0.3027417,-0.3027417,-0.45837724,-0.45837724,0.21851715,0.21851715,-0.2444325,-0.2444325,0.53341687,0.53341687,0.23257084,0.23257084,-0.41606042,-0.41606042,0.5458012,0.5458012,-0.027114585,-0.027114585
50,1.0,1.0,5.0,0.8221166,0.8221166,0.45999232,0.45999232,-0.012109099,-0.012109099,0.40910047,0.40910047,0.6144576,0.6144576,-0.04105434,-0.04105434,0.04096606,0.04096606,0.36489892,0.36489892,-0.06911567,-0.06911567,-0.032944605,-0.032944605,-0.11346171,-0.11346171,-0.07891274,-0.07891274,0.23686616,0.23686616,-0.49050674,-0.49050674,-0.06401844,-0.06401844
51,1.0,1.0,5.1,0.7505993,0.7505993,0.4193879,0.4193879,0.053330336,0.053330336,0.20974566,0.20974566,0.45385566,0.45385566,0.17034332,0.17034332,-0.17488608,-0.17488608,0.041060872,0.041060872,0.25674278,0.25674278,-0.09114051,-0.09114051,-0.50754684,-0.50754684,0.24268912,0.24268912,0.37726268,0.37726268,-0.7690067,-0.7690067,0.13832705,0.13832705
52,1.0,1.0,5.2,0.13708791,0.13708791,0.11263604,0.11263604,0.06447805,0.06447805,-0.56120694,-0.56120694,-0.56726384,-0.56726384,0.04560655,0.04560655,-0.09823715,-0.09823715,-0.18610597,-0.18610597,-0.07534209,-0.07534209,-0.23996153,-0.23996153,0.7733619,0.7733619,0.019367913,0.019367913,-0.3159883,-0.3159883,0.23045501,0.23045501,0.16014701,0.16014701
53,1.0,1.0,5.3,-0.5191791,-0.5191791,-0.21380739,-0.21380739,0.013983292,0.013983292,0.102944516,0.102944516,0.23014317,0.23014317,-0.08553341,-0.08553341,-0.049584843,-0.049584843,0.5487009,0.5487009,0.22765899,0.22765899,0.09213358,0.09213358,-0.9170973,-0.9170973,0.05265108,0.05265108,-0.47455752,-0.47455752,0.51122534,0.51122534,-0.034966193,-0.034966193
54,1.0,1.0,5.4,-0.6746488,-0.6746488,-0.28731436,-0.28731436,-0.055747144,-0.055747144,0.43930602,0.43930602,0.75976044,0.75976044,0.11946436,0.11946436,-0.20903422,-0.20903422,-0.6413461,-0.6413461,-0.02253424,-0.02253424,-0.28067645,-0.28067645,0.49924353,0.49924353,0.20730032,0.20730032,0.2653239,0.2653239,-0.43773633,-0.43773633,-0.0667907,-0.0667907
55,1.0,1.0,5.5,-0.19706188,-0.19706188,-0.039249983,-0.039249983,-0.08708989,-0.08708989,-0.440216,-0.440216,-0.40535188,-0.40535188,0.122215815,0.122215815,0.033110403,0.033110403,0.879288,0.879288,0.15137868,0.15137868,-0.03385608,-0.03385608,-0.07288533,-0.07288533,-0.07748355,-0.07748355,0.49008194,0.49008194,-0.7539655,-0.7539655,0.10647002,0.10647002
56,1.0,1.0,5.6,0.5153542,0.5153542,0.3286755,0.3286755,-0.054252744,-0.054252744,-0.21667725,-0.21667725,-0.1967081,-0.1967081,-0.08022332,-0.08022332,-0.26578638,-0.26578638,-0.8557122,-0.8557122,0.0619315,0.0619315,-0.005848586,-0.005848586,-0.5966675,-0.5966675,0.20864376,0.20864376,-0.26197046,-0.26197046,0.1392902,0.1392902,0.14088303,0.14088303
57,1.0,1.0,5.7,0.8608779,0.8608779,0.50637007,0.50637007,0.015751569,0.015751569,0.5013153,0.5013153,0.84652317,0.84652317,0.046899635,0.046899635,0.060216375,0.060216375,0.9352573,0.9352573,0.05932269,0.05932269,-0.3210536,-0.3210536,0.7965801,0.7965801,0.0317034,0.0317034,-0.56604165,-0.56604165,0.5256257,0.5256257,-0.022812843,-0.022812843
58,1.0,1.0,5.8,0.5406461,0.5406461,0.3364991,0.3364991,0.06561176,0.06561176,-0.19685423,-0.19685423,-0.065614045,-0.065614045,0.16466819,0.16466819,-0.26753953,-0.26753953,-0.782653,-0.782653,0.14626151,0.14626151,0.17000413,0.17000413,-0.8699616,-0.8699616,0.019481212,0.019481212,0.1890602,0.1890602,-0.28950784,-0.28950784,-0.07554419,-0.07554419
59,1.0,1.0,5.9,-0.18269505,-0.18269505,-0.0458137,-0.0458137,0.055205133,0.055205133,-0.45238188,-0.45238188,-0.5244357,-0.5244357,-0.036349207,-0.036349207,0.03956463,0.03956463,0.71857417,0.71857417,-0.018783184,-0.018783184,-0.26509395,-0.26509395,0.32829243,0.32829243,0.20188376,0.20188376,0.6103825,0.6103825,-0.7556775,-0.7556775,0.066500984,0.066500984
60,1.0,1.0,6.0,-0.70027107,-0.70027107,-0.31986716,-0.31986716,-0.005310644,-0.005310644,0.40349472,0.40349472,0.7051066,0.7051066,-0.019715164,-0.019715164,-0.22909592,-0.22909592,-0.467825,-0.467825,0.20513153,0.20513153,-0.09804463,-0.09804463,0.13339473,0.13339473,-0.07263779,-0.07263779,-0.1049208,-0.1049208,-0.029837357,-0.029837357,0.12968925,0.12968925
61,1.0,1.0,6.1,-0.571862,-0.571862,-0.24964455,-0.24964455,-0.06434615,-0.06434615,0.07622156,0.07622156,0.32830843,0.32830843,0.16685508,0.16685508,-0.010319208,-0.010319208,0.3100026,0.3100026,-0.06317402,-0.06317402,0.11864831,0.11864831,-0.7686506,-0.7686506,0.16105528,0.16105528,-0.65050423,-0.65050423,0.53219664,0.53219664,0.0023379333,0.0023379333
62,1.0,1.0,6.2,0.09515922,0.09515922,0.110562004,0.110562004,-0.07223102,-0.07223102,-0.55449295,-0.55449295,-0.6679315,-0.6679315,0.026059393,0.026059393,-0.17098846,-0.17098846,-0.01812311,-0.01812311,0.22522935,0.22522935,-0.39707735,-0.39707735,0.80936766,0.80936766,0.06631968,0.06631968,-0.004533926,-0.004533926,-0.07161914,-0.07161914,-0.07997674,-0.07997674
63,1.0,1.0,6.3,0.7309317,0.7309317,0.4553905,0.4553905,-0.022697814,-0.022697814,0.19560418,0.19560418,0.3946743,0.3946743,-0.062298536,-0.062298536,-0.06933381,-0.06933381,-0.1680369,-0.1680369,-0.066963926,-0.066963926,0.1880651,0.1880651,-0.7044997,-0.7044997,-0.023870088,-0.023870088,0.6802514,0.6802514,-0.7161924,-0.7161924,0.022079855,0.022079855
64,1.0,1.0,6.4,0.7872169,0.7872169,0.4861365,0.4861365,0.042312212,0.042312212,0.30139613,0.30139613,0.6602609,0.6602609,0.13563937,0.13563937,-0.11186339,-0.11186339,0.43792844,0.43792844,0.20586812,0.20586812,-0.1666249,-0.1666249,0.021539789,0.021539789,0.19701374,0.19701374,0.15693161,0.15693161,-0.25092554,-0.25092554,0.11476863,0.11476863
65,1.0,1.0,6.5,0.20970388,0.20970388,0.16956905,0.16956905,0.0684091,0.0684091,-0.51858515,-0.51858515,-0.60697865,-0.60697865,0.08704998,0.08704998,-0.121692225,-0.121692225,-0.5903995,-0.5903995,-0.03484014,-0.03484014,-0.23217796,-0.23217796,0.4319865,0.4319865,-0.05173345,-0.05173345,-0.6511287,-0.6511287,0.4689091,0.4689091,0.034388322,0.034388322
66,1.0,1.0,6.6,-0.50976527,-0.50976527,-0.22729044,-0.22729044,0.034711212,0.034711212,-0.0563232,-0.0563232,0.008887344,0.008887344,-0.0739694,-0.0739694,-0.06440348,-0.06440348,0.7859176,0.7859176,0.1562277,0.1562277,0.25237298,0.25237298,-0.9139336,-0.9139336,0.09880375,0.09880375,-0.2924362,-0.2924362,0.17555995,0.17555995,-0.071436524,-0.071436524
67,1.0,1.0,6.7,-0.75265217,-0.75265217,-0.36273566,-0.36273566,-0.02891257,-0.02891257,0.43015447,0.43015447,0.8496712,0.8496712,0.084675685,0.084675685,-0.1583271,-0.1583271,-0.8599407,-0.8599407,0.020707339,0.020707339,-0.41693828,-0.41693828,0.7000423,0.7000423,0.111181095,0.111181095,0.6172857,0.6172857,-0.58194923,-0.58194923,-0.02096545,-0.02096545
68,1.0,1.0,6.8,-0.30803692,-0.30803692,-0.116169065,-0.116169065,-0.06773515,-0.06773515,-0.37312812,-0.37312812,-0.3751846,-0.3751846,0.1318995,0.1318995,-0.03440562,-0.03440562,0.95005506,0.95005506,0.09100882,0.09100882,0.10286869,0.10286869,-0.37490806,-0.37490806,-0.05828514,-0.05828514,0.47349524,0.47349524,-0.4705357,-0.4705357,0.08787758,0.08787758
69,1.0,1.0,6.9,0.4406111,0.4406111,0.30253452,0.30253452,-0.048901748,-0.048901748,-0.28981048,-0.28981048,-0.35521844,-0.35521844,-0.057114698,-0.057114698,-0.17662817,-0.17662817,-0.9252172,-0.9252172,0.08394114,0.08394114,0.019999655,0.019999655,-0.38096347,-0.38096347,0.17428593,0.17428593,-0.4865396,-0.4865396,0.29364005,0.29364005,0.064160906,0.064160906
70,1.0,1.0,7.0,0.8432294,0.8432294,0.5300632,0.5300632,0.010922871,0.010922871,0.44552475,0.44552475,0.862122,0.862122,0.028977552,0.028977552,-0.021951094,-0.021951094,0.9039576,0.9039576,0.02598888,0.02598888,-0.39299458,-0.39299458,0.7011844,0.7011844,-0.007474329,-0.007474329,-0.5886794,-0.5886794,0.38169196,0.38169196,-0.045906886,-0.045906886
71,1.0,1.0,7.1,0.5464829,0.5464829,0.36442116,0.36442116,0.060398906,0.060398906,-0.16439511,-0.16439511,-0.0399278,-0.0399278,0.15297669,0.15297669,-0.17867239,-0.17867239,-0.7846714,-0.7846714,0.13997146,0.13997146,0.32249168,0.32249168,-0.8969492,-0.8969492,0.028245637,0.028245637,0.35986754,0.35986754,-0.33274424,-0.33274424,-0.05311363,-0.05311363
72,1.0,1.0,7.2,-0.1959271,-0.1959271,-0.055625457,-0.055625457,0.05779266,0.05779266,-0.45812967,-0.45812967,-0.6196286,-0.6196286,-0.020019026,-0.020019026,-0.023525001,-0.023525001,0.66885275,0.66885275,-0.025539542,-0.025539542,-0.3179968,-0.3179968,0.38627577,0.38627577,0.1481612,0.1481612,0.727741,0.727741,-0.6072441,-0.6072441,0.047423206,0.047423206
73,1.0,1.0,7.3,-0.739917,-0.739917,-0.36663443,-0.36663443,0.006532248,0.006532248,0.35729367,0.35729367,0.7067427,0.7067427,-0.018802086,-0.018802086,-0.16899462,-0.16899462,-0.47971487,-0.47971487,0.17767318,0.17767318,-0.09731389,-0.09731389,0.09067999,0.09067999,-0.06507752,-0.06507752,-0.12743475,-0.12743475,0.013330028,0.013330028,0.08017065,0.08017065
74,1.0,1.0,7.4,-0.6109384,-0.6109384,-0.29581127,-0.29581127,-0.04835159,-0.04835159,0.057206277,0.057206277,0.3190401,0.3190401,0.14935003,0.14935003,-0.03418436,-0.03418436,0.30252686,0.30252686,-0.054977566,-0.054977566,0.24236493,0.24236493,-0.7541324,-0.7541324,0.123693176,0.123693176,-0.7497175,-0.7497175,0.46031687,0.46031687,-0.0069893175,-0.0069893175
75,1.0,1.0,7.5,0.07957442,0.07957442,0.09810386,0.09810386,-0.059447605,-0.059447605,-0.53555655,-0.53555655,-0.7375328,-0.7375328,0.026563339,0.026563339,-0.15262635,-0.15262635,-0.08060523,-0.08060523,0.1911783,0.1911783,-0.48661447,-0.48661447,0.7794862,0.7794862,0.053978875,0.053978875,-0.070796475,-0.070796475,-0.008715118,-0.008715118,-0.06414356,-0.06414356
76,1.0,1.0,7.6,0.7278209,0.7278209,0.47180268,0.47180268,-0.017747743,-0.017747743,0.19370835,0.19370835,0.42559877,0.42559877,-0.050301395,-0.050301395,-0.049229097,-0.049229097,-0.11681297,-0.11681297,-0.05921993,-0.05921993,0.24699903,0.24699903,-0.6169941,-0.6169941,-0.032543816,-0.032543816,0.7678657,0.7678657,-0.58132493,-0.58132493,0.00055240607,0.00055240607
77,1.0,1.0,7.7,0.76405644,0.76405644,0.49570924,0.49570924,0.04014904,0.04014904,0.24743234,0.24743234,0.62770134,0.62770134,0.12516673,0.12516673,-0.13377413,-0.13377413,0.33068773,0.33068773,0.180043,0.180043,-0.080433704,-0.080433704,-0.11064974,-0.11064974,0.15614359,0.15614359,0.34623042,0.34623042,-0.29810688,-0.29810688,0.07328889,0.07328889
78,1.0,1.0,7.8,0.15317522,0.15317522,0.1445232,0.1445232,0.06425355,0.06425355,-0.5173271,-0.5173271,-0.6964049,-0.6964049,0.07217523,0.07217523,-0.065163106,-0.065163106,-0.50774676,-0.50774676,-0.040265564,-0.040265564,-0.3499049,-0.3499049,0.54780304,0.54780304,-0.033911675,-0.033911675,-0.63552666,-0.63552666,0.35112458,0.35112458,0.033425063,0.033425063
79,1.0,1.0,7.9,-0.5712013,-0.5712013,-0.27668503,-0.27668503,0.034547836,0.034547836,-0.007651482,-0.007651482,0.07964267,0.07964267,-0.06192549,-0.06192549,-0.115214355,-0.115214355,0.67694736,0.67694736,0.14839622,0.14839622,0.38620067,0.38620067,-0.91017205,-0.91017205,0.051463544,0.051463544,-0.53107923,-0.53107923,0.2860834,0.2860834,-0.04904719,-0.04904719
80,1.0,1.0,8.0,-0.7731316,-0.7731316,-0.3978462,-0.3978462,-0.022144124,-0.022144124,0.3745914,0.3745914,0.8303872,0.8303872,0.0875942,0.0875942,-0.07997934,-0.07997934,-0.8006904,-0.8006904,-0.0040025273,-0.0040025273,-0.41073194,-0.41073194,0.54310477,0.54310477,0.11124582,0.11124582,0.4943003,0.4943003,-0.36536455,-0.36536455,-0.03841003,-0.03841003
81,1.0,1.0,8.1,-0.2741402,-0.2741402,-0.110153146,-0.110153146,-0.056075197,-0.056075197,-0.41610876,-0.41610876,-0.51425475,-0.51425475,0.10850158,0.10850158,-0.098286636,-0.098286636,0.8988053,0.8988053,0.10346387,0.10346387,0.0008607644,0.0008607644,-0.09789831,-0.09789831,-0.060017843,-0.060017843,0.7371707,0.7371707,-0.5162777,-0.5162777,0.042836152,0.042836152
82,1.0,1.0,8.2,0.48691234,0.48691234,0.33482552,0.33482552,-0.038048837,-0.038048837,-0.20811349,-0.20811349,-0.26534694,-0.26534694,-0.05432539,-0.05432539,-0.09294655,-0.09294655,-0.9486538,-0.9486538,0.04143172,0.04143172,0.2216215,0.2216215,-0.6228861,-0.6228861,0.12249072,0.12249072,-0.21217287,-0.21217287,0.07065841,0.07065841,0.059130352,0.059130352
83,1.0,1.0,8.3,0.83812827,0.83812827,0.5440216,0.5440216,0.015540472,0.015540472,0.42229202,0.42229202,0.8964079,0.8964079,0.044847433,0.044847433,-0.083271734,-0.083271734,0.96291447,0.96291447,0.053857554,0.053857554,-0.5168336,-0.5168336,0.7722072,0.7722072,0.027407324,0.027407324,-0.78934515,-0.78934515,0.4223551,0.4223551,-0.013377257,-0.013377257
84,1.0,1.0,8.4,0.46720597,0.46720597,0.32967857,0.32967857,0.057641193,0.057641193,-0.25661036,-0.25661036,-0.23160258,-0.23160258,0.13030659,0.13030659,-0.10412724,-0.10412724,-0.93272036,-0.93272036,0.08735176,0.08735176,0.3299767,0.3299767,-0.70216906,-0.70216906,-0.018296637,-0.018296637,-0.038630523,-0.038630523,-0.025702795,-0.025702795,-0.054446016,-0.054446016
85,1.0,1.0,8.5,-0.30060178,-0.30060178,-0.12214511,-0.12214511,0.051953536,0.051953536,-0.3743195,-0.3743195,-0.5505971,-0.5505971,-0.03131564,-0.03131564,-0.06992597,-0.06992597,0.8647435,0.8647435,0.0079542,0.0079542,-0.13613047,-0.13613047,0.017245824,0.017245824,0.13636154,0.13636154,0.8131107,0.8131107,-0.5261554,-0.5261554,-0.00011868937,-0.00011868937
86,1.0,1.0,8.6,-0.78752893,-0.78752893,-0.41315672,-0.41315672,0.004395309,0.004395309,0.38922867,0.38922867,0.8212766,0.8212766,0.0045949286,0.0045949286,-0.1138411,-0.1138411,-0.76227546,-0.76227546,0.12600628,0.12600628,-0.32553726,-0.32553726,0.46243244,0.46243244,-0.039825857,-0.039825857,0.3690698,0.3690698,-0.26604033,-0.26604033,0.057899494,0.057899494
87,1.0,1.0,8.7,-0.562311,-0.562311,-0.2846305,-0.2846305,-0.04269608,-0.04269608,-0.06963093,-0.06963093,0.09847717,0.09847717,0.13561732,0.13561732,-0.057981823,-0.057981823,0.6264417,0.6264417,-0.027401963,-0.027401963,0.42482582,0.42482582,-0.8876872,-0.8876872,0.055238906,0.055238906,-0.6521423,-0.6521423,0.32034633,0.32034633,0.02639168,0.02639168
88,1.0,1.0,8.8,0.17630407,0.17630407,0.15141188,0.15141188,-0.048081473,-0.048081473,-0.48241985,-0.48241985,-0.7327391,-0.7327391,0.0014172927,0.0014172927,-0.122233264,-0.122233264,-0.4707871,-0.4707871,0.15166011,0.15166011,-0.45622826,-0.45622826,0.59038544,0.59038544,0.091019474,0.091019474,-0.588426,-0.588426,0.2842942,0.2842942,-0.040996328,-0.040996328
89,1.0,1.0,8.9,0.7733667,0.7733667,0.50869644,0.50869644,-0.007649716,-0.007649716,0.2868375,0.2868375,0.62368655,0.62368655,-0.027133651,-0.027133651,-0.047490135,-0.047490135,0.2908634,0.2908634,-0.047744963,-0.047744963,0.04411844,0.04411844,-0.1597185,-0.1597185,-0.054127846,-0.054127846,0.4622714,0.4622714,-0.30137476,-0.30137476,-0.036082447,-0.036082447
90,1.0,1.0,9.0,0.69766605,0.69766605,0.46826494,0.46826494,0.042546857,0.042546857,0.11350347,0.11350347,0.4203374,0.4203374,0.12536225,0.12536225,-0.12903602,-0.12903602,-0.10843955,-0.10843955,0.16119477,0.16119477,0.2278272,0.2278272,-0.5690882,-0.5690882,0.112256765,0.112256765,0.8009378,0.8009378,-0.48566973,-0.48566973,0.029944114,0.029944114
91,1.0,1.0,9.1,0.014393243,0.014393243,0.06309495,0.06309495,0.058475353,0.058475353,-0.5200684,-0.5200684,-0.7883841,-0.7883841,0.03756273,0.03756273,-0.03895068,-0.03895068,-0.08680709,-0.08680709,-0.0513436,-0.0513436,-0.54036087,-0.54036087,0.7601691,0.7601691,0.018976992,0.018976992,-0.123743005,-0.123743005,0.019549746,0.019549746,0.049840692,0.049840692
92,1.0,1.0,9.2,-0.6706499,-0.6706499,-0.34860975,-0.34860975,0.026844515,0.026844515,0.13565855,0.13565855,0.33963346,0.33963346,-0.04653085,-0.04653085,-0.13354465,-0.13354465,0.26686186,0.26686186,0.15423135,0.15423135,0.3688436,0.3688436,-0.70748264,-0.70748264,-0.015068724,-0.015068724,-0.82610375,-0.82610375,0.3971476,0.3971476,-0.006193629,-0.006193629
93,1.0,1.0,9.3,-0.74839085,-0.74839085,-0.4004851,-0.4004851,-0.023696762,-0.023696762,0.26549318,0.26549318,0.68438375,0.68438375,0.10267467,0.10267467,-0.03323949,-0.03323949,-0.44829622,-0.44829622,-0.039107956,-0.039107956,-0.14088044,-0.14088044,0.038336962,0.038336962,0.1215542,0.1215542,-0.17519838,-0.17519838,0.050712798,0.050712798,-0.047190264,-0.047190264
94,1.0,1.0,9.4,-0.1490216,-0.1490216,-0.044890657,-0.044890657,-0.04835185,-0.04835185,-0.48648387,-0.48648387,-0.7150801,-0.7150801,0.07122907,0.07122907,-0.13477416,-0.13477416,0.598622,0.598622,0.132844,0.132844,-0.3382549,-0.3382549,0.45388496,0.45388496,-0.037404247,-0.037404247,0.7895916,0.7895916,-0.4546908,-0.4546908,-0.00961978,-0.00961978
95,1.0,1.0,9.5,0.5939809,0.5939809,0.40235624,0.40235624,-0.0257945,-0.0257945,-0.038844496,-0.038844496,0.015070763,0.015070763,-0.0521479,-0.0521479,-0.031385724,-0.031385724,-0.74094266,-0.74094266,-0.0141375,-0.0141375,0.46021137,0.46021137,-0.8727312,-0.8727312,0.048496153,0.048496153,0.52427787,0.52427787,-0.31416318,-0.31416318,0.04431052,0.04431052
96,1.0,1.0,9.6,0.8177352,0.8177352,0.54173,0.54173,0.02342352,0.02342352,0.36627024,0.36627024,0.85347944,0.85347944,0.072046444,0.072046444,-0.13173008,-0.13173008,0.8397449,0.8397449,0.100973435,0.100973435,-0.46637,-0.46637,0.57724494,0.57724494,0.082691744,0.082691744,-0.55214155,-0.55214155,0.24000579,0.24000579,0.029376183,0.029376183
97,1.0,1.0,9.7,0.32116076,0.32116076,0.2466197,0.2466197,0.055595342,0.055595342,-0.3909889,-0.3909889,-0.5292452,-0.5292452,0.09769931,0.09769931,-0.034274194,-0.034274194,-0.9247383,-0.9247383,0.018968135,0.018968135,0.03435841,0.03435841,-0.13064483,-0.13064483,-0.050387252,-0.050387252,-0.7268072,-0.7268072,0.32779038,0.32779038,-0.02869909,-0.02869909
98,1.0,1.0,9.8,-0.45406204,-0.45406204,-0.22172044,-0.22172044,0.042716388,0.042716388,-0.2103871,-0.2103871,-0.30167004,-0.30167004,-0.044683047,-0.044683047,-0.12371281,-0.12371281,0.9584396,0.9584396,0.06366752,0.06366752,0.26895124,0.26895124,-0.5843228,-0.5843228,0.09896557,0.09896557,0.28102452,0.28102452,-0.17950441,-0.17950441,-0.03798406,-0.03798406
99,1.0,1.0,9.9,-0.81627524,-0.81627524,-0.4456359,-0.4456359,-0.0030562768,-0.0030562768,0.40474728,0.40474728,0.90673125,0.90673125,0.038478877,0.038478877,-0.0423536,-0.0423536,-0.97696495,-0.97696495,0.054906797,0.054906797,-0.5660545,-0.5660545,0.7581292,0.7581292,0.02076324,0.02076324,0.87511253,0.87511253,-0.47316256,-0.47316256,0.013983645,0.013983645
100,1.0,1.0,10.0,-0.44150975,-0.44150975,-0.2241277,-0.2241277,-0.040730007,-0.040730007,-0.25050464,-0.25050464,-0.26189268,-0.26189268,0.1138749,0.1138749,-0.11058002,-0.11058002,0.94150305,0.94150305,0.026275601,0.026275601,0.37145573,0.37145573,-0.66245717,-0.66245717,-0.018716857,-0.018716857,0.112677425,0.112677425,-0.09475568,-0.09475568,0.044097688,0.044097688
